model_name,accuracy,precision,recall,f1,roc_auc
Logistic Regression,0.8266905508284819,0.8168083097261567,0.8175803402646503,0.8171941426547,0.9079330732413626
Decision Tree,0.8083296014330497,0.7739130434782608,0.8412098298676749,0.8061594202898551,0.8743450106584081
Random Forest,0.8481862964621585,0.8189884649511979,0.8724007561436673,0.8448512585812357,0.9144375175964286
Gradient Boosting,0.864308105687416,0.8361531611754229,0.8875236294896031,0.8610729023383769,0.9276209628765636
XGBoost,0.8656515897895208,0.8289930555555556,0.9026465028355387,0.8642533936651584,0.9285661424606845
KNN,0.7250335871025526,0.7387096774193549,0.6493383742911153,0.6911468812877264,0.7837919800506777
